{
  "Colors": [
    {
      "Name": null,
      "Family": "Black",
      "_Color": "48, 49, 41",
      "R": 48.0,
      "G": 49.0,
      "B": 41.0,
      "Hue": 67.5,
      "Saturation": 0.088888898491859436,
      "Brightness": 0.17647059261798859
    },
    {
      "Name": null,
      "Family": "Black",
      "_Color": "18, 17, 15",
      "R": 18.0,
      "G": 17.0,
      "B": 15.0,
      "Hue": 40.000007629394531,
      "Saturation": 0.090909115970134735,
      "Brightness": 0.064705885946750641
    }
  ],
  "FamilyName": "Black",
  "Min": {
    "R": 18,
    "G": 17,
    "B": 15
  },
  "Max": {
    "R": 18,
    "G": 17,
    "B": 15
  }
}