{
  "Colors": [
    {
      "Name": null,
      "Family": "Blue",
      "_Color": "92, 54, 173",
      "R": 92.0,
      "G": 54.0,
      "B": 173.0,
      "Hue": 259.15966796875,
      "Saturation": 0.52422904968261719,
      "Brightness": 0.44509804248809814
    },
    {
      "Name": null,
      "Family": "Blue",
      "_Color": "211, 218, 226",
      "R": 211.0,
      "G": 218.0,
      "B": 226.0,
      "Hue": 212.0,
      "Saturation": 0.20547942817211151,
      "Brightness": 0.85686272382736206
    },
    {
      "Name": null,
      "Family": "Blue",
      "_Color": "211, 220, 219",
      "R": 211.0,
      "G": 220.0,
      "B": 219.0,
      "Hue": 173.33331298828125,
      "Saturation": 0.1139240488409996,
      "Brightness": 0.84509801864624023
    },
    {
      "Name": null,
      "Family": "Blue",
      "_Color": "211, 219, 221",
      "R": 211.0,
      "G": 219.0,
      "B": 221.0,
      "Hue": 191.99998474121094,
      "Saturation": 0.12820510566234589,
      "Brightness": 0.84705883264541626
    }
  ],
  "FamilyName": "Blue",
  "Min": {
    "R": 92,
    "G": 54,
    "B": 173
  },
  "Max": {
    "R": 211,
    "G": 219,
    "B": 221
  }
}