{
  "Colors": [
    {
      "Name": null,
      "Family": "Brown",
      "_Color": "31, 7, 3",
      "R": 31.0,
      "G": 7.0,
      "B": 3.0,
      "Hue": 8.5714282989501953,
      "Saturation": 0.82352942228317261,
      "Brightness": 0.066666670143604279
    }
  ],
  "FamilyName": "Brown",
  "Min": {
    "R": 31,
    "G": 7,
    "B": 3
  },
  "Max": {
    "R": 31,
    "G": 7,
    "B": 3
  }
}