{
  "Colors": [
    {
      "Name": null,
      "Family": "Green",
      "_Color": "75, 90, 83",
      "R": 75.0,
      "G": 90.0,
      "B": 83.0,
      "Hue": 151.99998474121094,
      "Saturation": 0.090909086167812347,
      "Brightness": 0.32352942228317261
    }
  ],
  "FamilyName": "Green",
  "Min": {
    "R": 75,
    "G": 90,
    "B": 83
  },
  "Max": {
    "R": 75,
    "G": 90,
    "B": 83
  }
}