{
  "Colors": [
    {
      "Name": null,
      "Family": "Orange",
      "_Color": "221, 121, 23",
      "R": 221.0,
      "G": 121.0,
      "B": 23.0,
      "Hue": 29.696969985961914,
      "Saturation": 0.811475396156311,
      "Brightness": 0.47843137383461
    },
    {
      "Name": null,
      "Family": "Orange",
      "_Color": "255, 243, 202",
      "R": 255.0,
      "G": 243.0,
      "B": 202.0,
      "Hue": 46.415096282958984,
      "Saturation": 1.0,
      "Brightness": 0.89607840776443481
    }
  ],
  "FamilyName": "Orange",
  "Min": {
    "R": 221,
    "G": 121,
    "B": 23
  },
  "Max": {
    "R": 255,
    "G": 243,
    "B": 202
  }
}