{
  "Colors": [
    {
      "Name": null,
      "Family": "Purple",
      "_Color": "141, 69, 194",
      "R": 141.0,
      "G": 69.0,
      "B": 194.0,
      "Hue": 274.55999755859375,
      "Saturation": 0.50607287883758545,
      "Brightness": 0.5156862735748291
    }
  ],
  "FamilyName": "Purple",
  "Min": {
    "R": 141,
    "G": 69,
    "B": 194
  },
  "Max": {
    "R": 141,
    "G": 69,
    "B": 194
  }
}